<?xml version="1.0" encoding="UTF-8" standalone="yes" ?><cp:coreProperties xmlns:cp="http://schemas.openxmlformats.org/package/2006/metadata/core-properties" xmlns:dc="http://purl.org/dc/elements/1.1/" xmlns:dcmitype="http://purl.org/dc/dcmitype/" xmlns:dcterms="http://purl.org/dc/terms/" xmlns:xsi="http://www.w3.org/2001/XMLSchema-instance"><cp:category>model</cp:category><dcterms:created xsi:type="dcterms:W3CDTF">2003-11-05T23:02:55Z</dcterms:created><dc:creator>The MathWorks, Inc.</dc:creator><dc:description>Water Tank Model with Dashboard

The example model "sldrtex_dashboard" shows a real-time model of a water tank
controlled by dashboard controls.  You can change the inputs to the plant using
the knobs and observe the response on the gauges.

How to run this model in Normal Mode:

1) Double-click the orange button to switch to Normal Mode if needed.
2) Start the real-time execution using Simulation-&gt;Run.
3) Change the input flow and output valve values by the dashboard controls and observe
   the results on the dashboard gauges.

How to run this model in External Mode:

1) Double-click the orange button to switch to External Mode if needed.
2) Start the real-time execution using Simulation-&gt;Run. The model will automatically
   build, connect to Simulink in External Mode and start.
3) Change the input flow and output valve values by the dashboard controls and observe
   the results on the dashboard gauges.
</dc:description><cp:lastModifiedBy>k54120</cp:lastModifiedBy><dcterms:modified xsi:type="dcterms:W3CDTF">2023-03-28T09:43:51Z</dcterms:modified><cp:revision>6.2</cp:revision><cp:version>R2021a</cp:version></cp:coreProperties>