<?xml version="1.0" encoding="utf-8"?>
<System>
  <P Name="Location">[278, 47, 2370, 1223]</P>
  <P Name="SystemRect">[0.000000, 0.000000, 0.000000, 0.000000]</P>
  <P Name="Open">on</P>
  <P Name="SetExecutionDomain">off</P>
  <P Name="ExecutionDomainType">Deduce</P>
  <P Name="ZoomFactor">175</P>
  <P Name="ReportName">simulink-default.rpt</P>
  <P Name="SIDHighWatermark">78</P>
  <P Name="SimulinkSubDomain">Simulink</P>
  <Block BlockType="Gain" Name="1/T_I" SID="71">
    <P Name="Position">[190, 255, 235, 285]</P>
    <P Name="ZOrder">278</P>
    <P Name="Gain">1/T_I</P>
  </Block>
  <Block BlockType="Reference" Name="Analog Input" SID="62">
    <P Name="Ports">[0, 1]</P>
    <P Name="Position">[670, 250, 725, 290]</P>
    <P Name="ZOrder">3</P>
    <P Name="AttributesFormatString">National Instruments\nPCIe-6321 [auto]</P>
    <P Name="LibraryVersion">6.0</P>
    <P Name="SourceBlock">sldrtlib/Analog Input</P>
    <P Name="SourceType">Simulink Desktop Real-Time Analog Input</P>
    <P Name="SourceProductBaseCode">WT</P>
    <InstanceData>
      <P Name="MultithreadedSim">auto</P>
      <P Name="SampleTime">Ts</P>
      <P Name="MaxMissedTicks">10</P>
      <P Name="ShowMissedTicks">off</P>
      <P Name="YieldWhenWaiting">off</P>
      <P Name="DrvName">National_Instruments/PCIe-6321</P>
      <P Name="DrvAddress">4294967295</P>
      <P Name="DrvOptions">[0 0 0 0 0 0 0]</P>
      <P Name="Channels">1</P>
      <P Name="RangeMode">1</P>
      <P Name="VoltRange">1</P>
      <P Name="DataType">1</P>
    </InstanceData>
    <Port>
      <P Name="PortNumber">1</P>
      <P Name="Name">y</P>
    </Port>
  </Block>
  <Block BlockType="Reference" Name="Analog Output" SID="61">
    <P Name="Ports">[1]</P>
    <P Name="Position">[580, 250, 635, 290]</P>
    <P Name="ZOrder">2</P>
    <P Name="AttributesFormatString">National Instruments\nPCIe-6321 [auto]</P>
    <P Name="LibraryVersion">6.0</P>
    <P Name="SourceBlock">sldrtlib/Analog Output</P>
    <P Name="SourceType">Simulink Desktop Real-Time Analog Output</P>
    <P Name="SourceProductBaseCode">WT</P>
    <InstanceData>
      <P Name="MultithreadedSim">auto</P>
      <P Name="SampleTime">Ts</P>
      <P Name="MaxMissedTicks">10</P>
      <P Name="ShowMissedTicks">off</P>
      <P Name="YieldWhenWaiting">off</P>
      <P Name="DrvName">National_Instruments/PCIe-6321</P>
      <P Name="DrvAddress">4294967295</P>
      <P Name="DrvOptions">[0 0 0 0 0 0 0]</P>
      <P Name="Channels">1</P>
      <P Name="RangeMode">1</P>
      <P Name="VoltRange">1</P>
      <P Name="InitialValue">0</P>
      <P Name="FinalValue">0</P>
    </InstanceData>
  </Block>
  <Block BlockType="Derivative" Name="Derivative" SID="74">
    <P Name="Position">[270, 315, 300, 345]</P>
    <P Name="ZOrder">281</P>
  </Block>
  <Block BlockType="Integrator" Name="Integrator" SID="73">
    <P Name="Ports">[1, 1]</P>
    <P Name="Position">[270, 255, 300, 285]</P>
    <P Name="ZOrder">280</P>
  </Block>
  <Block BlockType="Gain" Name="K_R" SID="67">
    <P Name="Position">[70, 255, 115, 285]</P>
    <P Name="ZOrder">274</P>
    <P Name="Gain">K_R</P>
    <Port>
      <P Name="PortNumber">1</P>
      <P Name="Name">up</P>
    </Port>
  </Block>
  <Block BlockType="ManualSwitch" Name="Manual Switch" SID="75">
    <P Name="Position">[340, 252, 370, 288]</P>
    <P Name="ZOrder">282</P>
    <Port>
      <P Name="PortNumber">1</P>
      <P Name="Name">ui</P>
    </Port>
  </Block>
  <Block BlockType="ManualSwitch" Name="Manual Switch1" SID="76">
    <P Name="Position">[340, 312, 370, 348]</P>
    <P Name="ZOrder">283</P>
    <P Name="CurrentSetting">0</P>
    <Port>
      <P Name="PortNumber">1</P>
      <P Name="Name">ud</P>
    </Port>
  </Block>
  <Block BlockType="Mux" Name="Mux" SID="64">
    <P Name="Ports">[2, 1]</P>
    <P Name="Position">[845, 156, 850, 334]</P>
    <P Name="ZOrder">271</P>
    <P Name="Inputs">2</P>
    <P Name="DisplayOption">bar</P>
  </Block>
  <Block BlockType="Saturate" Name="Saturation" SID="78">
    <P Name="Position">[490, 255, 520, 285]</P>
    <P Name="ZOrder">285</P>
    <P Name="UpperLimit">10</P>
    <P Name="LowerLimit">-10</P>
    <Port>
      <P Name="PortNumber">1</P>
      <P Name="Name">u</P>
    </Port>
  </Block>
  <Block BlockType="Scope" Name="Scope" SID="65">
    <P Name="Ports">[2]</P>
    <P Name="Position">[980, 204, 1155, 426]</P>
    <P Name="ZOrder">272</P>
    <P Name="ScopeSpecificationString">Simulink.scopes.TimeScopeBlockCfg(&apos;CurrentConfiguration&apos;, extmgr.ConfigurationSet(extmgr.Configuration(&apos;Core&apos;,&apos;General UI&apos;,true),extmgr.Configuration(&apos;Core&apos;,&apos;Source UI&apos;,true),extmgr.Configuration(&apos;Sources&apos;,&apos;WiredSimulink&apos;,true,&apos;DataLoggingVariableName&apos;,&apos;MD&apos;,&apos;DataLogging&apos;,true,&apos;DataLoggingSaveFormat&apos;,&apos;StructureWithTime&apos;,&apos;SampleTime&apos;,&apos;0.01&apos;),extmgr.Configuration(&apos;Visuals&apos;,&apos;Time Domain&apos;,true,&apos;SerializedDisplays&apos;,{struct(&apos;MinYLimReal&apos;,&apos;-0.1374&apos;,&apos;MaxYLimReal&apos;,&apos;1.12638&apos;,&apos;YLabelReal&apos;,&apos;&apos;,&apos;MinYLimMag&apos;,&apos;0.00000&apos;,&apos;MaxYLimMag&apos;,&apos;1.12638&apos;,&apos;LegendVisibility&apos;,&apos;Off&apos;,&apos;XGrid&apos;,true,&apos;YGrid&apos;,true,&apos;PlotMagPhase&apos;,false,&apos;AxesColor&apos;,[0 0 0],&apos;AxesTickColor&apos;,[0.686274509803922 0.686274509803922 0.686274509803922],&apos;ColorOrder&apos;,[1 1 0.0666666666666667;0.0745098039215686 0.623529411764706 1;1 0.411764705882353 0.16078431372549;0.392156862745098 0.831372549019608 0.0745098039215686;0.717647058823529 0.274509803921569 1;0.0588235294117647 1 1;1 0.0745098039215686 0.650980392156863],&apos;Title&apos;,&apos;%&lt;SignalLabel&gt;&apos;,&apos;LinePropertiesCache&apos;,{{}},&apos;UserDefinedChannelNames&apos;,{{}},&apos;NumLines&apos;,2,&apos;LineNames&apos;,{{&apos;w&apos;,&apos;y&apos;}},&apos;ShowContent&apos;,true,&apos;Placement&apos;,1),struct(&apos;MinYLimReal&apos;,&apos;-0.79043&apos;,&apos;MaxYLimReal&apos;,&apos;7.09637&apos;,&apos;YLabelReal&apos;,&apos;&apos;,&apos;MinYLimMag&apos;,&apos;1.32388&apos;,&apos;MaxYLimMag&apos;,&apos;2.17494&apos;,&apos;LegendVisibility&apos;,&apos;Off&apos;,&apos;XGrid&apos;,true,&apos;YGrid&apos;,true,&apos;PlotMagPhase&apos;,false,&apos;AxesColor&apos;,[0 0 0],&apos;AxesTickColor&apos;,[0.686274509803922 0.686274509803922 0.686274509803922],&apos;ColorOrder&apos;,[1 1 0.0666666666666667;0.0745098039215686 0.623529411764706 1;1 0.411764705882353 0.16078431372549;0.392156862745098 0.831372549019608 0.0745098039215686;0.717647058823529 0.274509803921569 1;0.0588235294117647 1 1;1 0.0745098039215686 0.650980392156863],&apos;Title&apos;,&apos;%&lt;SignalLabel&gt;&apos;,&apos;LinePropertiesCache&apos;,{{}},&apos;UserDefinedChannelNames&apos;,{{}},&apos;NumLines&apos;,1,&apos;LineNames&apos;,{{&apos;u&apos;}},&apos;ShowContent&apos;,true,&apos;Placement&apos;,2)},&apos;DisplayPropertyDefaults&apos;,struct(&apos;YLabelReal&apos;,&apos;&apos;,&apos;AxesColor&apos;,[0 0 0],&apos;AxesTickColor&apos;,[0.686274509803922 0.686274509803922 0.686274509803922],&apos;ColorOrder&apos;,[1 1 0.0666666666666667;0.0745098039215686 0.623529411764706 1;1 0.411764705882353 0.16078431372549;0.392156862745098 0.831372549019608 0.0745098039215686;0.717647058823529 0.274509803921569 1;0.0588235294117647 1 1;1 0.0745098039215686 0.650980392156863],&apos;Title&apos;,&apos;%&lt;SignalLabel&gt;&apos;),&apos;DisplayLayoutDimensions&apos;,[2 1],&apos;DisplayContentCache&apos;,[]),extmgr.Configuration(&apos;Tools&apos;,&apos;Plot Navigation&apos;,true,&apos;OnceAtStop&apos;,false,&apos;PreviousZoomMode&apos;,&apos;Pan&apos;),extmgr.Configuration(&apos;Tools&apos;,&apos;Measurements&apos;,true,&apos;Version&apos;,&apos;2021a&apos;)),&apos;Version&apos;,&apos;2021a&apos;,&apos;Position&apos;,[1045 213 1268 1091],&apos;VisibleAtModelOpen&apos;,&apos;on&apos;)</P>
    <P Name="NumInputPorts">2</P>
    <P Name="Floating">off</P>
  </Block>
  <Block BlockType="Step" Name="Step" SID="60">
    <P Name="Position">[-155, 227, -85, 313]</P>
    <P Name="ZOrder">1</P>
    <P Name="SampleTime">0</P>
    <Port>
      <P Name="PortNumber">1</P>
      <P Name="Name">w</P>
    </Port>
  </Block>
  <Block BlockType="Sum" Name="Sum" SID="70">
    <P Name="Ports">[2, 1]</P>
    <P Name="Position">[-10, 260, 10, 280]</P>
    <P Name="ZOrder">277</P>
    <P Name="Inputs">|+-</P>
    <Port>
      <P Name="PortNumber">1</P>
      <P Name="Name">e</P>
    </Port>
  </Block>
  <Block BlockType="Sum" Name="Sum1" SID="77">
    <P Name="Ports">[3, 1]</P>
    <P Name="Position">[425, 260, 445, 280]</P>
    <P Name="ZOrder">284</P>
    <P Name="Inputs">+++</P>
  </Block>
  <Block BlockType="Gain" Name="T_D" SID="72">
    <P Name="Position">[190, 312, 235, 348]</P>
    <P Name="ZOrder">279</P>
    <P Name="Gain">T_D</P>
  </Block>
  <Line>
    <P Name="ZOrder">6</P>
    <P Name="Src">64#out:1</P>
    <P Name="Points">[60, 0; 0, 15]</P>
    <P Name="Dst">65#in:1</P>
  </Line>
  <Line>
    <P Name="Name">y</P>
    <P Name="ZOrder">12</P>
    <P Name="Src">62#out:1</P>
    <P Name="Points">[52, 0; 0, 20]</P>
    <Branch>
      <P Name="ZOrder">35</P>
      <P Name="Points">[0, 192; -782, 0]</P>
      <P Name="Dst">70#in:2</P>
    </Branch>
    <Branch>
      <P Name="ZOrder">20</P>
      <P Name="Labels">[-1, 0]</P>
      <P Name="Dst">64#in:2</P>
    </Branch>
  </Line>
  <Line>
    <P Name="Name">w</P>
    <P Name="ZOrder">13</P>
    <P Name="Src">60#out:1</P>
    <P Name="Points">[35, 0]</P>
    <Branch>
      <P Name="ZOrder">15</P>
      <P Name="Dst">70#in:1</P>
    </Branch>
    <Branch>
      <P Name="ZOrder">14</P>
      <P Name="Labels">[-1, 0]</P>
      <P Name="Points">[0, -239; 842, 0; 0, 169]</P>
      <P Name="Dst">64#in:1</P>
    </Branch>
  </Line>
  <Line>
    <P Name="Name">e</P>
    <P Name="ZOrder">16</P>
    <P Name="Labels">[1, 1]</P>
    <P Name="Src">70#out:1</P>
    <P Name="Dst">67#in:1</P>
  </Line>
  <Line>
    <P Name="ZOrder">22</P>
    <P Name="Src">71#out:1</P>
    <P Name="Dst">73#in:1</P>
  </Line>
  <Line>
    <P Name="Name">up</P>
    <P Name="ZOrder">23</P>
    <P Name="Src">67#out:1</P>
    <P Name="Points">[24, 0]</P>
    <Branch>
      <P Name="ZOrder">30</P>
      <P Name="Labels">[3, 0]</P>
      <P Name="Points">[0, -42; 291, 0]</P>
      <P Name="Dst">77#in:1</P>
    </Branch>
    <Branch>
      <P Name="ZOrder">25</P>
      <P Name="Points">[0, 60]</P>
      <P Name="Dst">72#in:1</P>
    </Branch>
    <Branch>
      <P Name="ZOrder">24</P>
      <P Name="Dst">71#in:1</P>
    </Branch>
  </Line>
  <Line>
    <P Name="ZOrder">26</P>
    <P Name="Src">72#out:1</P>
    <P Name="Dst">74#in:1</P>
  </Line>
  <Line>
    <P Name="ZOrder">27</P>
    <P Name="Src">73#out:1</P>
    <P Name="Points">[15, 0; 0, -10]</P>
    <P Name="Dst">75#in:1</P>
  </Line>
  <Line>
    <P Name="ZOrder">28</P>
    <P Name="Src">74#out:1</P>
    <P Name="Points">[15, 0; 0, 10]</P>
    <P Name="Dst">76#in:2</P>
  </Line>
  <Line>
    <P Name="Name">ud</P>
    <P Name="ZOrder">31</P>
    <P Name="Labels">[0, 0]</P>
    <P Name="Src">76#out:1</P>
    <P Name="Points">[60, 0]</P>
    <P Name="Dst">77#in:3</P>
  </Line>
  <Line>
    <P Name="Name">ui</P>
    <P Name="ZOrder">32</P>
    <P Name="Labels">[1, 1]</P>
    <P Name="Src">75#out:1</P>
    <P Name="Dst">77#in:2</P>
  </Line>
  <Line>
    <P Name="ZOrder">33</P>
    <P Name="Src">77#out:1</P>
    <P Name="Dst">78#in:1</P>
  </Line>
  <Line>
    <P Name="Name">u</P>
    <P Name="ZOrder">34</P>
    <P Name="Labels">[1, 1]</P>
    <P Name="Src">78#out:1</P>
    <P Name="Points">[14, 0]</P>
    <Branch>
      <P Name="ZOrder">51</P>
      <P Name="Points">[0, 100]</P>
      <P Name="Dst">65#in:2</P>
    </Branch>
    <Branch>
      <P Name="ZOrder">49</P>
      <P Name="Dst">61#in:1</P>
    </Branch>
  </Line>
  <Annotation SID="55">
    <P Name="Name">Bitte verwenden Sie die Variable Ts als Abtastzeit (Sample Time) für alle IO-Blöcke. Definieren Sie in Matlab-Workspace die geeigenete Abtastzeit mit den folgenden Befehl:
Please use the variable Ts as sample time for all I/O blocks. You can define the sample time executing the following comand in Matlab workspace: 
  Ts =0.01;</P>
    <P Name="Position">[-196, -120, 362, -41]</P>
    <P Name="InternalMargins">[0, 0, 0, 0]</P>
    <P Name="FixedHeight">on</P>
    <P Name="FixedWidth">on</P>
    <P Name="HorizontalAlignment">left</P>
    <P Name="VerticalAlignment">top</P>
    <P Name="BackgroundColor">[0.450980, 1.000000, 1.000000]</P>
    <P Name="ZOrder">-1</P>
    <P Name="FontName">Arial</P>
    <P Name="FontSize">12</P>
  </Annotation>
</System>
