<?xml version="1.0" encoding="UTF-8"?>
<sltp_editor version="1.1" packageUris="http://schema.mathworks.com/mf0/DiagramEditor/R2019a_20181107 http://schema.mathworks.com/mf0/SltpSyntax/R2020b_202007092240">
  <diagram.editor.model.Diagram type="diagram.editor.model.Diagram" uuid="7f2c01ca-b222-4976-a9d4-b659debc4cee">
    <entities type="diagram.editor.model.Entity" uuid="2058c417-075b-4936-8ed2-5a3b9a394486">
      <position>0,0</position>
      <size>0,0,100,100</size>
      <syntaxElement type="sltp.mm.syntax.Node" uuid="d65294b1-bbe9-4117-8834-4c4c3d45e6e6"/>
      <title>Cont</title>
      <type>base</type>
      <subDiagram type="diagram.editor.model.Diagram" uuid="391927a1-fd04-46e4-8767-25f1676d8524">
        <position>0,0</position>
        <size>0,0,0,0</size>
        <syntaxElement type="sltp.mm.syntax.Graph" uuid="f64debf9-e095-43af-a189-ea9f813a1e17"/>
        <title>Cont</title>
        <type>graph.Graph</type>
      </subDiagram>
    </entities>
    <position>0,0</position>
    <size>0,0,0,0</size>
    <syntaxElement type="sltp.mm.syntax.Graph" uuid="0cf12f7a-560f-4ae5-b51e-1cb7e0343e17"/>
    <title>Default</title>
    <type>graph.Graph</type>
  </diagram.editor.model.Diagram>
  <sltp.mm.syntax.Context type="sltp.mm.syntax.Context" uuid="9d9dbb17-2366-432f-bb2f-9baa45b90d12">
    <rootGraph type="sltp.mm.syntax.Graph" uuid="0cf12f7a-560f-4ae5-b51e-1cb7e0343e17">
      <children type="sltp.mm.syntax.Node" uuid="d65294b1-bbe9-4117-8834-4c4c3d45e6e6">
        <priority>40</priority>
        <rates type="sltp.mm.syntax.RateData">
          <color>#000000</color>
          <hasBlocks>true</hasBlocks>
          <rate>0</rate>
          <title>Cont</title>
        </rates>
        <rates type="sltp.mm.syntax.RateData">
          <color>#e60000</color>
          <hasBlocks>true</hasBlocks>
          <rate>0.01</rate>
          <title>D1</title>
        </rates>
        <title>Cont</title>
        <type>base</type>
        <diagramElement type="diagram.editor.model.Entity" uuid="2058c417-075b-4936-8ed2-5a3b9a394486"/>
        <subgraph type="sltp.mm.syntax.Graph" uuid="f64debf9-e095-43af-a189-ea9f813a1e17">
          <title>Cont</title>
          <diagramElement type="diagram.editor.model.Diagram" uuid="391927a1-fd04-46e4-8767-25f1676d8524"/>
        </subgraph>
      </children>
      <title>Default</title>
      <diagramElement type="diagram.editor.model.Diagram" uuid="7f2c01ca-b222-4976-a9d4-b659debc4cee"/>
    </rootGraph>
  </sltp.mm.syntax.Context>
</sltp_editor>