<?xml version="1.0" encoding="UTF-8"?>
<sltp_graph version="1.1" packageUris="http://schema.mathworks.com/mf0/sltp_mm/R2021a_202009111111">
  <sltp.mm.core.Context type="sltp.mm.core.Context" uuid="ccddb825-ecca-40a4-82ce-fc4cf277482e">
    <priorityDirection>HighNumberLast</priorityDirection>
    <editorState type="sltp.mm.core.EditorState" uuid="c016e748-1491-40e5-b88b-e10a9c8ee979">
      <isSynchronized>true</isSynchronized>
      <panelState type="sltp.mm.core.EditorPanelState" uuid="335cc816-27b7-49af-9a2c-0f042c2cd589"/>
    </editorState>
    <rootTask type="sltp.mm.core.Task" uuid="e87c4090-d3b7-4bbb-9fce-841fce50c674">
      <context type="sltp.mm.core.Context" uuid="ccddb825-ecca-40a4-82ce-fc4cf277482e"/>
      <explicit>false</explicit>
      <name>Default</name>
      <priority>-2147483648</priority>
      <subgraph type="sltp.mm.core.Graph" uuid="54d4af1b-21d4-494a-b187-ed572868e0c0">
        <tasks type="sltp.mm.core.Task" uuid="310345a5-2036-4e25-8cc3-18a0e2e74fe3">
          <baseTask>true</baseTask>
          <context type="sltp.mm.core.Context" uuid="ccddb825-ecca-40a4-82ce-fc4cf277482e"/>
          <explicit>false</explicit>
          <id>1</id>
          <isTimed>true</isTimed>
          <name>Cont</name>
          <priority>40</priority>
          <rates type="sltp.mm.core.Rate" uuid="ae8ff9d4-d354-427d-8661-1b9c9d9c22b7">
            <annotation>Cont</annotation>
            <color>255</color>
            <hasBlocks>true</hasBlocks>
            <rateSpec type="sltp.mm.core.RateSpec">
              <period>0.0</period>
            </rateSpec>
            <sti>0</sti>
          </rates>
          <rates type="sltp.mm.core.Rate" uuid="34104b9f-f2ab-4d57-a79f-71b1e9ba683d">
            <annotation>D1</annotation>
            <color>-436207361</color>
            <hasBlocks>true</hasBlocks>
            <rateSpec type="sltp.mm.core.RateSpec">
              <period>.01</period>
            </rateSpec>
            <sti>1</sti>
          </rates>
        </tasks>
      </subgraph>
    </rootTask>
  </sltp.mm.core.Context>
</sltp_graph>